{"cameraMode":{"drawMode":0,"name":"Shaded","section":"Shading Mode"},"sceneLighting":true,"audioPlay":false,"sceneViewState":{"m_AlwaysRefresh":false,"showFog":true,"showSkybox":true,"showFlares":true,"showImageEffects":true,"showParticleSystems":true,"showVisualEffectGraphs":true,"m_FxEnabled":true},"in2DMode":false,"pivot":{"x":2.4419069290161135,"y":16.726890563964845,"z":9.685894966125489},"rotation":{"x":0.17888927459716798,"y":-0.6425320506095886,"z":0.15785008668899537,"w":0.7281726002693176},"size":23.181476593017579,"orthographic":false}