{"cameraMode":{"drawMode":0,"name":"Shaded","section":"Shading Mode"},"sceneLighting":true,"audioPlay":false,"sceneViewState":{"m_AlwaysRefresh":false,"showFog":true,"showSkybox":true,"showFlares":true,"showImageEffects":true,"showParticleSystems":true,"showVisualEffectGraphs":true,"m_FxEnabled":true},"in2DMode":false,"pivot":{"x":9.730205535888672,"y":-0.7198225259780884,"z":7.8261613845825199},"rotation":{"x":0.08990862220525742,"y":0.8528789281845093,"z":-0.1565198302268982,"w":0.48991063237190249},"size":2.6355130672454836,"orthographic":false}