{"cameraMode":{"drawMode":0,"name":"Shaded","section":"Shading Mode"},"sceneLighting":true,"audioPlay":false,"sceneViewState":{"m_AlwaysRefresh":false,"showFog":true,"showSkybox":true,"showFlares":true,"showImageEffects":true,"showParticleSystems":true,"showVisualEffectGraphs":true,"m_FxEnabled":true},"in2DMode":false,"pivot":{"x":45.650447845458987,"y":-215.0985565185547,"z":130.74740600585938},"rotation":{"x":-0.5825690627098084,"y":0.008079665713012219,"z":-0.005738580599427223,"w":-0.8127627372741699},"size":161.00369262695313,"orthographic":false}