{"cameraMode":{"drawMode":0,"name":"Shaded","section":"Shading Mode"},"sceneLighting":true,"audioPlay":false,"sceneViewState":{"m_AlwaysRefresh":false,"showFog":true,"showSkybox":true,"showFlares":true,"showImageEffects":true,"showParticleSystems":true,"showVisualEffectGraphs":true,"m_FxEnabled":true},"in2DMode":false,"pivot":{"x":11.461931228637696,"y":3.9202375411987306,"z":69.23467254638672},"rotation":{"x":0.34529030323028567,"y":-0.2649783492088318,"z":0.10228724777698517,"w":0.8944836854934692},"size":0.8660253882408142,"orthographic":false}