{"cameraMode":{"drawMode":0,"name":"Shaded","section":"Shading Mode"},"sceneLighting":false,"audioPlay":false,"sceneViewState":{"m_AlwaysRefresh":false,"showFog":true,"showSkybox":false,"showFlares":true,"showImageEffects":true,"showParticleSystems":true,"showVisualEffectGraphs":true,"m_FxEnabled":true},"in2DMode":false,"pivot":{"x":-0.5660038590431213,"y":0.15363779664039613,"z":0.17803189158439637},"rotation":{"x":-0.040322545915842059,"y":0.7664642930030823,"z":-0.048351239413022998,"w":-0.6391927599906921},"size":0.8967113494873047,"orthographic":true}