{"cameraMode":{"drawMode":0,"name":"Shaded","section":"Shading Mode"},"sceneLighting":false,"audioPlay":false,"sceneViewState":{"m_AlwaysRefresh":false,"showFog":true,"showSkybox":false,"showFlares":true,"showImageEffects":true,"showParticleSystems":true,"showVisualEffectGraphs":true,"m_FxEnabled":true},"in2DMode":false,"pivot":{"x":-0.1243075281381607,"y":-16.985183715820314,"z":0.017092227935791017},"rotation":{"x":0.07990396022796631,"y":-0.7595566511154175,"z":0.09505657106637955,"w":0.6384803652763367},"size":0.7361244559288025,"orthographic":true}